id,winner_model_a,winner_model_b,winner_tie
136060,0.32740599992536684,0.3377417599421969,0.3348522401324362
211333,0.4295642123179052,0.25323820474001146,0.31719758294208333
1233961,0.43263632316445844,0.2865418198981255,0.28082185693741607
