id,winner_model_a,winner_model_b,winner_tie
136060,0.43938651598027306,0.24006956958798828,0.3205439144317386
211333,0.2498521443592974,0.4536007406205946,0.29654711502010805
1233961,0.2957811229190493,0.3819718144956832,0.3222470625852675
