id,winner_model_a,winner_model_b,winner_tie
136060,0.33750902824814333,0.34586540578170855,0.3166255659701482
211333,0.44543864955315476,0.24665670118083072,0.3079046492660144
1233961,0.4088804802637304,0.2759635381979143,0.3151559815383553
