id,winner_model_a,winner_model_b,winner_tie
136060,0.37713224,0.27623698,0.3466308
211333,0.3549614,0.30749655,0.3375421
1233961,0.3447549,0.3192924,0.33595267
