id,winner_model_a,winner_model_b,winner_tie
136060,0.3274003930752833,0.33784440737595123,0.33475519954876554
211333,0.42961072485574403,0.253184444847787,0.3172048302964689
1233961,0.4325938198381675,0.28645885570025453,0.2809473244615779
