id,winner_model_a,winner_model_b,winner_tie
136060,0.7267311225148927,0.10268100114359627,0.170587876341511
211333,0.17292848321118756,0.6431327919757501,0.18393872481306223
1233961,0.228682867565832,0.3982750374326568,0.3730420950015112
